{"acc": 0.8599139179088883, "loss": 0.11703979083897426, "_timestamp": 1707190312.298761, "_runtime": 0.4831688404083252, "_step": 7, "_wandb": {"runtime": 0}}